from_task,to_task,dependency_type
animation_proposal_generator,animation_manifest_generator,stage_sequence
animation_manifest_generator,animation_preview_generator,stage_sequence
motion_proposal_generator,motion_manifest_generator,stage_sequence
motion_manifest_generator,motion_preview_generator,stage_sequence
motion_manifest_generator,animation_proposal_generator,asset_sequence
animation_manifest_generator,animation_manifest_validator,generator_to_validator
animation_preview_generator,animation_preview_validator,generator_to_validator
animation_proposal_generator,animation_proposal_validator,generator_to_validator
motion_manifest_generator,motion_manifest_validator,generator_to_validator
motion_preview_generator,motion_preview_validator,generator_to_validator
motion_proposal_generator,motion_proposal_validator,generator_to_validator
